analysis_status	benchmark	pregrouper	scope	statistic	aggregation	n_models	n_model_pairs	n_prompts	n_user_segments	bootstrap_resamples	confidence_level	seed	depth_alignment	relative_depth_index	relative_depth	untuned_mean_original_kl	tuned_mean_original_kl	untuned_F_pred	untuned_F_pred_bootstrap_mean	untuned_F_pred_bootstrap_median	untuned_F_pred_ci_lower	untuned_F_pred_ci_upper	untuned_F_attr	untuned_F_attr_bootstrap_mean	untuned_F_attr_bootstrap_median	untuned_F_attr_ci_lower	untuned_F_attr_ci_upper	untuned_gap	untuned_gap_bootstrap_mean	untuned_gap_bootstrap_median	untuned_gap_ci_lower	untuned_gap_ci_upper	tuned_F_pred	tuned_F_pred_bootstrap_mean	tuned_F_pred_bootstrap_median	tuned_F_pred_ci_lower	tuned_F_pred_ci_upper	tuned_F_attr	tuned_F_attr_bootstrap_mean	tuned_F_attr_bootstrap_median	tuned_F_attr_ci_lower	tuned_F_attr_ci_upper	tuned_gap	tuned_gap_bootstrap_mean	tuned_gap_bootstrap_median	tuned_gap_ci_lower	tuned_gap_ci_upper	delta_F_pred	delta_F_pred_bootstrap_mean	delta_F_pred_bootstrap_median	delta_F_pred_ci_lower	delta_F_pred_ci_upper	delta_F_attr	delta_F_attr_bootstrap_mean	delta_F_attr_bootstrap_median	delta_F_attr_ci_lower	delta_F_attr_ci_upper	delta_gap	delta_gap_bootstrap_mean	delta_gap_bootstrap_median	delta_gap_ci_lower	delta_gap_ci_upper
exploratory_sensitivity	boolq	sentence	user	pearson_r2	mean_over_10_model_pairs_row_pooled	5	10	100	569	1000	0.95	42	linear_interpolation_block_outputs_only	0	0.0	14.76611351776123	1.384546825941652	0.03510424354359969	0.047265859052115784	0.045968142176197796	0.02599067740666147	0.0743102502009791	0.1396651906234061	0.14164011734857887	0.14160803927546967	0.1255081214146039	0.1586332902454087	-0.1045609470798064	-0.09437425829646309	-0.09635068039711207	-0.12441250923337921	-0.05786339840490833	0.10647194846055438	0.11374403127866263	0.11074435993235071	0.06976081922229702	0.17055334737628736	0.16744185115625387	0.16960908541646844	0.16941895634441584	0.14481865393194632	0.19371959779399492	-0.06096990269569949	-0.05586505413780581	-0.057831044393463316	-0.10250931812367807	0.003990875798676922	0.07136770491695468	0.06647817222654683	0.06513619258056562	0.0167200113802681	0.12451230941890641	0.027776660532847774	0.027968968067889552	0.027932059859245906	0.00158472820349792	0.05317454100582949	0.04359104438410691	0.03850920415865728	0.03678565476439293	-0.02156463807689988	0.1004084489035301
exploratory_sensitivity	boolq	sentence	user	pearson_r2	mean_over_10_model_pairs_row_pooled	5	10	100	569	1000	0.95	42	linear_interpolation_block_outputs_only	1	0.05	15.567031979084016	1.5720206166174613	0.01135921878743166	0.021845385604770257	0.021184624487001737	0.009465291135240526	0.039698000036965636	0.09283565082059661	0.09543061631282491	0.09528831637431731	0.07880154446423762	0.11440168382863178	-0.08147643203316494	-0.07358523070805466	-0.07404401190093715	-0.09489355621380587	-0.05033905779088436	0.11339700710458356	0.12195276968792505	0.12068481825372918	0.08926734529775351	0.164924851436568	0.3125495603108367	0.314797119407928	0.31440304543828224	0.2949514363581738	0.33592862760913306	-0.19915255320625314	-0.19284434972000292	-0.19434585038432667	-0.23533429507028147	-0.15158537742356828	0.10203778831715189	0.1001073840831548	0.09938426698089445	0.06308407264826849	0.14361513850782084	0.21971390949024008	0.21936650309510308	0.21922610930949266	0.19976019576135853	0.23897045323881713	-0.11767612117308819	-0.11925911901194827	-0.12015601041751926	-0.16049800303425898	-0.07566367194791437
exploratory_sensitivity	boolq	sentence	user	pearson_r2	mean_over_10_model_pairs_row_pooled	5	10	100	569	1000	0.95	42	linear_interpolation_block_outputs_only	2	0.1	16.042337036514283	1.819219159405143	0.045998212005452066	0.05400427306503516	0.05345946271225602	0.03268819238600748	0.07916544593980318	0.20917024821616076	0.21089080404744043	0.21079277311914418	0.19024255704374643	0.23411625814609688	-0.1631720362107087	-0.15688653098240526	-0.1571138418743558	-0.18626126968866005	-0.12768618071355778	0.1299929314180322	0.1366931521445556	0.13521752302261647	0.10480924662945318	0.180224544389885	0.47060363454807674	0.47274019546145535	0.4727444493718178	0.4392336267279523	0.5063273779785404	-0.34061070313004455	-0.3360470433168998	-0.3366190317356418	-0.3808496578593805	-0.28750099579574956	0.08399471941258013	0.08268887907952045	0.08177312837910805	0.04251185726873958	0.13063865544300318	0.261433386331916	0.2618493914140149	0.2616270507482743	0.22200657885602185	0.30160772225523674	-0.17743866691933585	-0.17916051233449445	-0.17927017040265986	-0.22551661102944026	-0.12730186606618038
exploratory_sensitivity	boolq	sentence	user	pearson_r2	mean_over_10_model_pairs_row_pooled	5	10	100	569	1000	0.95	42	linear_interpolation_block_outputs_only	3	0.15	16.046301230716704	1.79241225358746	0.027527869659708482	0.03750727277468941	0.03630800107932239	0.015652017968903077	0.06473927759829433	0.17892437621196927	0.18167543011431886	0.18163730710281917	0.15717427762663627	0.20580905453523565	-0.15139650655226078	-0.14416815733962943	-0.14447611364508017	-0.17804257727872413	-0.1077615167641774	0.14831311520806825	0.15372931487939615	0.15325414625281417	0.11863011033942987	0.19630350618803669	0.3558880681794574	0.35858045804859917	0.3582738313021198	0.3393517237280425	0.3773472310000521	-0.20757495297138914	-0.204851143169203	-0.20482595585753977	-0.24821482199500478	-0.1612818715020361	0.12078524554835977	0.11622204210470673	0.11615200605226719	0.0705642981376878	0.16625185835742567	0.17696369196748812	0.17690502793428028	0.1771328620818281	0.1490956059756338	0.20465598985353095	-0.056178446419128364	-0.06068298582957355	-0.06001611523253479	-0.11691320409478963	-0.006618436937150477
exploratory_sensitivity	boolq	sentence	user	pearson_r2	mean_over_10_model_pairs_row_pooled	5	10	100	569	1000	0.95	42	linear_interpolation_block_outputs_only	4	0.2	15.468481738901138	1.8179979337213097	0.038151417059581715	0.04676397103150928	0.045633106778546234	0.025263052927402184	0.07277377764599403	0.04714356048148344	0.05027699719971002	0.04982052472625685	0.03764797595470093	0.06419295566538977	-0.008992143421901723	-0.0035130261682007414	-0.004018372678897864	-0.025664479571897852	0.0197160921049525	0.1524162815492389	0.1582227629893684	0.15826411684223093	0.1271817589000674	0.19106171273171935	0.31943467918299573	0.321976289606928	0.3212623379496913	0.2999434094230859	0.3466393145628086	-0.16701839763375684	-0.16375352661755954	-0.16398203624996188	-0.20640853383512703	-0.12053963997257447	0.11426486448965717	0.11145879195785914	0.11176954071323944	0.07268482314341816	0.1495466760301512	0.2722911187015123	0.27169929240721796	0.27153299631430294	0.24562334154995644	0.2977735808584953	-0.15802625421185512	-0.16024050044935878	-0.160478766588802	-0.20727584255275427	-0.11396771584188205
exploratory_sensitivity	boolq	sentence	user	pearson_r2	mean_over_10_model_pairs_row_pooled	5	10	100	569	1000	0.95	42	linear_interpolation_block_outputs_only	5	0.25	15.01363858538866	2.0411430193595006	0.007355298928378116	0.017792587777032194	0.01671843542324126	0.006935798432442703	0.032579067368120856	0.03854008060403107	0.041354072037791303	0.041125762752680275	0.02935298054228143	0.055472909614638986	-0.031184781675652955	-0.023561484260759113	-0.023858733370113853	-0.04042454439744956	-0.004803040552269165	0.08450943626305144	0.09292607761860562	0.09193863830107062	0.07128039490836448	0.11881260068048298	0.42659605798933076	0.4298293596967579	0.4299717756518295	0.40063650943887213	0.4573569671035098	-0.34208662172627935	-0.33690328207815223	-0.33751022850196144	-0.3696836066352347	-0.29760859262659245	0.07715413733467331	0.07513348984157343	0.07517851016041702	0.04713718856902428	0.10373092554712106	0.3880559773852997	0.3884752876589666	0.38887582185496067	0.3597702151949439	0.4154910689888883	-0.3109018400506264	-0.31334179781739313	-0.3141361618281532	-0.34978421930624914	-0.2719733313199465
exploratory_sensitivity	boolq	sentence	user	pearson_r2	mean_over_10_model_pairs_row_pooled	5	10	100	569	1000	0.95	42	linear_interpolation_block_outputs_only	6	0.3	14.382227023696899	1.966663774073706	0.023598643294640807	0.033365328955493316	0.032070284258724574	0.015624406686142775	0.05843756044978953	0.05843391193886791	0.06074103558893567	0.06051933297851525	0.0504381592141214	0.07314978292559142	-0.034835268644227105	-0.027375706633442347	-0.02794262989701026	-0.04881056855918275	-0.0014178169850571271	0.1662704731524362	0.1719332201522509	0.17127053018215166	0.13045325115425407	0.21735648124362517	0.3825434310490114	0.38635136350356164	0.3864359444849262	0.35626568686158155	0.41577628331172345	-0.2162729578965752	-0.21441814335131074	-0.21412294510099295	-0.262935282137697	-0.1624430580731349	0.1426718298577954	0.13856789119675758	0.13842714133714867	0.09115346459754757	0.1853892628989249	0.32410951911014346	0.32561032791462596	0.32555601977331583	0.2960917626338553	0.3540832289438491	-0.1814376892523481	-0.18704243671786838	-0.18653162112529537	-0.24196486155139355	-0.13015033087198485
exploratory_sensitivity	boolq	sentence	user	pearson_r2	mean_over_10_model_pairs_row_pooled	5	10	100	569	1000	0.95	42	linear_interpolation_block_outputs_only	7	0.35	13.236300981438161	1.861954213327705	0.036658520170913436	0.04603275421705819	0.04454626419069453	0.024495455467499122	0.0761349950291069	0.07151673145129454	0.07377039229190198	0.07357138411431122	0.058303502214189104	0.09279328678930995	-0.03485821128038111	-0.027737638074843793	-0.027944801222845504	-0.05835300548628889	0.007158635997127959	0.09667826805522879	0.10517180531763676	0.1036532219997231	0.08352872443714421	0.13239054937275316	0.18786077202178847	0.19114701930154454	0.19085522310862063	0.16621704414568178	0.21681025954428657	-0.09118250396655968	-0.08597521398390778	-0.08643684635572671	-0.11770489869714185	-0.052555934496717596	0.060019747884315355	0.05913905110057856	0.05849887845950155	0.024205142005770883	0.09504453684289565	0.11634404057049393	0.11737662700964255	0.11785933405679576	0.08533809017422556	0.14810955891250557	-0.05632429268617857	-0.058237575909063984	-0.057883346481958586	-0.10622865474946101	-0.010655427585939644
exploratory_sensitivity	boolq	sentence	user	pearson_r2	mean_over_10_model_pairs_row_pooled	5	10	100	569	1000	0.95	42	linear_interpolation_block_outputs_only	8	0.4	11.828545164012908	1.716240613412112	0.029881676814850617	0.03982238233079117	0.039006508438598445	0.020092745901793975	0.06429041832816847	0.05070600164090008	0.05371823307029684	0.052994452984663404	0.04047493857959141	0.06927492865589048	-0.02082432482604946	-0.013895850739505671	-0.014829917381514943	-0.04124156713587789	0.016519314125009746	0.12982535791270194	0.13691769889204558	0.13500199025774257	0.11203815643645414	0.1691249822566855	0.2228499899593576	0.22613170406404828	0.22634906302052413	0.19468255136208779	0.2567524705375984	-0.09302463204665565	-0.08921400517200267	-0.08906943396087695	-0.12966556454749617	-0.045876650425710375	0.09994368109785133	0.09709531656125443	0.09671956310092683	0.06383958639876994	0.13199556384454933	0.1721439883184575	0.17241347099375146	0.17258604464781716	0.14660417828477418	0.1975254974002651	-0.07220030722060619	-0.07531815443249701	-0.07615422391881502	-0.11666226028296092	-0.03180535191140015
exploratory_sensitivity	boolq	sentence	user	pearson_r2	mean_over_10_model_pairs_row_pooled	5	10	100	569	1000	0.95	42	linear_interpolation_block_outputs_only	9	0.45	10.317794547450541	1.6353222360841637	0.015415734622893456	0.025368191480204267	0.02429835077909718	0.010735083764838815	0.04414549568964484	0.12969215495055442	0.13245878906270106	0.13176105393781484	0.11321126244182826	0.15299997857205308	-0.11427642032766096	-0.1070905975824968	-0.10732629357076198	-0.1327468783203829	-0.08055628096231242	0.2235558106034134	0.22817357026210294	0.2262924268732131	0.16970048999140758	0.294256527936791	0.055149984940609895	0.0577411425213804	0.05743132802930347	0.04438753184811067	0.07286508353830504	0.1684058256628035	0.17043242774072254	0.16902732355445904	0.11596098864542714	0.234073976936811	0.20814007598051995	0.20280537878189867	0.2023237431953227	0.1416954851808216	0.2698512285032828	-0.07454217000994452	-0.07471764654132068	-0.074515096035732	-0.09335112523669178	-0.05555426301445854	0.28268224599046443	0.2775230253232193	0.2768226761835876	0.21516053414767208	0.34805702562033697
exploratory_sensitivity	boolq	sentence	user	pearson_r2	mean_over_10_model_pairs_row_pooled	5	10	100	569	1000	0.95	42	linear_interpolation_block_outputs_only	10	0.5	9.469614654183388	1.349860687690845	0.06390657943749842	0.07079914795604679	0.06847443977518042	0.03560077548459192	0.11882067595621806	0.09978751083759749	0.10189597054018693	0.101819906258713	0.09051905760747012	0.11420936865693439	-0.03588093140009907	-0.03109682258414013	-0.03313169540467759	-0.06633430819968678	0.01521787148926965	0.27360040039034794	0.27596532823351716	0.2761492453346298	0.20314450686436858	0.3507191098379534	0.14727063150247402	0.1500744383515935	0.14994470335640786	0.12358498454427026	0.17530191838973563	0.12632976888787392	0.12589088988192365	0.12555798039898253	0.05512662077802942	0.1969084195453402	0.20969382095284952	0.20516618027747036	0.20411721664889762	0.1408514653711074	0.26896013009162434	0.04748312066487653	0.048178467811406576	0.04848588934513089	0.017439270060193194	0.07717877354580437	0.162210700287973	0.15698771246606377	0.15805385787717469	0.09038106212692977	0.21779388627029014
exploratory_sensitivity	boolq	sentence	user	pearson_r2	mean_over_10_model_pairs_row_pooled	5	10	100	569	1000	0.95	42	linear_interpolation_block_outputs_only	11	0.55	8.81859679083824	0.9464317302958277	0.14819836472922257	0.15428576643883088	0.152479819740512	0.11098333672621481	0.20874085535773468	0.08440278029736324	0.08623830618606572	0.08615899131024049	0.069353055982293	0.10256226603553079	0.06379558443185933	0.06804746025276517	0.06636099775102605	0.02582212142487919	0.12145210083350366	0.34827020777182394	0.34916830913445396	0.34716874284408067	0.27589670350297846	0.4294721161579466	0.25307822629722615	0.25467212664555794	0.25420665504002604	0.21582778699762564	0.2939808043661229	0.09519198147459779	0.09449618248889602	0.09438455389664496	0.029305448297590696	0.1631654363993245	0.20007184304260137	0.1948825426956231	0.1942090461346817	0.13614670591267422	0.2560711815295702	0.1686754459998629	0.16843382045949226	0.16817938822131429	0.13172439297756544	0.20316162885719496	0.03139639704273846	0.026448722236130852	0.026306471687965634	-0.023252800660253887	0.07495176695203612
exploratory_sensitivity	boolq	sentence	user	pearson_r2	mean_over_10_model_pairs_row_pooled	5	10	100	569	1000	0.95	42	linear_interpolation_block_outputs_only	12	0.6	7.124652686312795	0.5221806054268471	0.2657698929367708	0.2685640458191591	0.26629631405719933	0.20306114868703629	0.3426930590122637	0.1450649929027359	0.14623427925595248	0.14567261811394835	0.11250031999343041	0.1829484319608391	0.12070490003403489	0.12232976656320663	0.1200054872182461	0.06720627124125203	0.1851210596820812	0.4526837931157182	0.4514456826680726	0.45118235456952605	0.3663325639471558	0.5344309447810723	0.34393781761585196	0.34442224463322996	0.3449749250542842	0.29104488831155517	0.39534018665000104	0.10874597549986625	0.10702343803484259	0.10647793616688705	0.038351323437163715	0.17085396336539113	0.18691390017894743	0.18288163684891348	0.1829961579731468	0.12996394257674726	0.2326966500603253	0.19887282471311607	0.19818796537727748	0.1982116235328777	0.16696970973477335	0.2275443755779387	-0.011958924534168636	-0.01530632852836404	-0.014564006549381336	-0.0586740186037966	0.028863118348670634
exploratory_sensitivity	boolq	sentence	user	pearson_r2	mean_over_10_model_pairs_row_pooled	5	10	100	569	1000	0.95	42	linear_interpolation_block_outputs_only	13	0.65	6.107052469541877	0.3460819503824901	0.4614243250199439	0.4613332241087061	0.46161493304512224	0.3839496649221178	0.54021459160024	0.3384739735638749	0.33888788566447836	0.3387520875227852	0.28072637039997733	0.39829869718186267	0.12295035145606903	0.12244533844422774	0.12301358652517808	0.059326614911272064	0.1818191029266902	0.5534999657997959	0.5523399395106355	0.5532791567001881	0.4705171032227251	0.6348343533257805	0.45452582617908854	0.4550444936119095	0.45505892560822825	0.39776231195813894	0.5122831911911283	0.09897413962070734	0.09729544589872605	0.0994447330397337	0.037532487011116625	0.15362447592164516	0.09207564077985197	0.09100671540192946	0.09042315371186307	0.05821245615858447	0.12408576927405739	0.11605185261521367	0.11615660794743118	0.11593582443855793	0.08980068915298986	0.14219025514551523	-0.023976211835361694	-0.025149892545501706	-0.025268404251996113	-0.056253272360738626	0.00473801131124701
exploratory_sensitivity	boolq	sentence	user	pearson_r2	mean_over_10_model_pairs_row_pooled	5	10	100	569	1000	0.95	42	linear_interpolation_block_outputs_only	14	0.7	4.410412932796777	0.12030226621723415	0.49526313896223007	0.49469446680990653	0.49529911041383146	0.4148403379569442	0.5743770957412165	0.3600868413817008	0.360714604556141	0.36041451228057875	0.3045943495409286	0.41851624352384414	0.1351762975805293	0.1339798622537655	0.13520261270227713	0.07317778302470927	0.1899537369570407	0.5462117889244416	0.5450005161434227	0.5456223963032163	0.46422208686410876	0.626730676331963	0.4380488506617038	0.43867453688931435	0.4392246049350111	0.37898211401518184	0.4965722555793345	0.10816293826273776	0.10632597925410837	0.10749313854604994	0.04707479987005658	0.16256430755871826	0.05094864996221149	0.05030604933351619	0.04970664115349921	0.027565089704145868	0.07320294531538366	0.07796200928000302	0.07795993233317333	0.07812687714279751	0.05715925237443819	0.09661465270911263	-0.02701335931779153	-0.027653882999657133	-0.027778036154602254	-0.046659553378320215	-0.009072302767499315
exploratory_sensitivity	boolq	sentence	user	pearson_r2	mean_over_10_model_pairs_row_pooled	5	10	100	569	1000	0.95	42	linear_interpolation_block_outputs_only	15	0.75	4.20595238501206	0.05323916497004756	0.5108537164248578	0.510269797942422	0.5108949054593841	0.4327240772709355	0.5943300841208049	0.36119191398196837	0.36170296633480403	0.3612101126000249	0.3045080135994019	0.42166658350389474	0.1496618024428894	0.14856683160761797	0.14942688399401072	0.09320786749470467	0.20185139129032478	0.5294368570239555	0.5285140170828062	0.5286299905703937	0.4489216622861702	0.6115230708044971	0.41952912328602104	0.4202130118319489	0.4200503664813537	0.3587765156623579	0.481917767486179	0.10990773373793444	0.10830100525085724	0.10844514837707608	0.051293486937493527	0.16408999168476746	0.018583140599097714	0.01824421914038412	0.017975974402569872	0.0016402420035980935	0.03607084991969807	0.05833720930405267	0.05851004549714483	0.05892796133546077	0.04081985010008037	0.07394010586121065	-0.03975406870495496	-0.04026582635676071	-0.040372566109605545	-0.05681002800847066	-0.023093316545843255
exploratory_sensitivity	boolq	sentence	user	pearson_r2	mean_over_10_model_pairs_row_pooled	5	10	100	569	1000	0.95	42	linear_interpolation_block_outputs_only	16	0.8	3.2921843695878974	0.03835691477390937	0.5220958585026811	0.5214788441242428	0.522306067714453	0.44463257608734696	0.6061570549718316	0.3622620677842109	0.36268871668813124	0.3625098992623206	0.303495996693567	0.4251323062144978	0.15983379071847026	0.15879012743611162	0.15924366566038864	0.10369290552315326	0.2136750687575516	0.524579511095242	0.5237925963259581	0.5235854317266893	0.4400917773411841	0.6099885468555472	0.40577110560298946	0.4063532431583049	0.4064654032238737	0.3437183343956701	0.469083165675063	0.11880840549225258	0.1174393531676532	0.11748724558108248	0.06212568907210386	0.17405892702047063	0.002483652592560892	0.002313752201715274	0.0023821728311020918	-0.012350521412455647	0.018068860548628773	0.04350903781877857	0.0436645264701737	0.04395396883910363	0.028030789821833848	0.058671353827603724	-0.04102538522621768	-0.04135077426845842	-0.04126465253690709	-0.054527211817353184	-0.028299352283228586
exploratory_sensitivity	boolq	sentence	user	pearson_r2	mean_over_10_model_pairs_row_pooled	5	10	100	569	1000	0.95	42	linear_interpolation_block_outputs_only	17	0.85	2.31897254935503	0.04067266050946781	0.5290254075062147	0.5283906392299086	0.5295017254215044	0.4535636257735918	0.609686727388715	0.36227643686079253	0.3627482142053656	0.3628070378115511	0.3040211570055662	0.42435588228353904	0.1667489706454222	0.16564242502454307	0.16615846171837145	0.10995616413690876	0.22158419105324148	0.5298102601022225	0.529059847457868	0.5287531082583298	0.44898710736431746	0.6131276850704477	0.4014744188109088	0.40208672054757344	0.40249284281550635	0.33897038112238775	0.4660290399920906	0.12833584129131376	0.12697312691029466	0.12791982524374004	0.06981454047997895	0.18352325179835371	0.0007848525960078012	0.0006692082279594333	0.0006591898979008692	-0.012607251678023932	0.014236452543243542	0.039197981950116256	0.03933850634220783	0.039340521369488984	0.027199046258695497	0.05235771958837132	-0.038413129354108455	-0.0386692981142484	-0.038762452418296955	-0.050843106762534875	-0.026357055273738373
exploratory_sensitivity	boolq	sentence	user	pearson_r2	mean_over_10_model_pairs_row_pooled	5	10	100	569	1000	0.95	42	linear_interpolation_block_outputs_only	18	0.9	1.3945549078628412	0.0574861380867311	0.5353639054114528	0.5347956863700514	0.5350398615222784	0.45793083897575876	0.6180658355680191	0.378969273358824	0.3795611351730654	0.37991760135793473	0.3190599834190956	0.44180966396636295	0.15639463205262882	0.15523455119698593	0.15603301153569213	0.0976170599200753	0.21280444071751153	0.536283499347059	0.535478254849904	0.5353543630745052	0.4569509468876439	0.6187546332227672	0.3985772052372468	0.3991339833719008	0.3998566397387642	0.337218172179166	0.4632317306319925	0.13770629410981217	0.1363442714780031	0.13687846746851431	0.08000235690952173	0.19328645392584232	0.0009195939356061444	0.0006825684798525685	0.0006295077559531626	-0.009017762794801185	0.010373085163193158	0.019607931878422802	0.019572848198835428	0.01933580082182404	0.011561889163962173	0.028462723760576937	-0.018688337942816657	-0.018890279718982855	-0.018827286857301062	-0.027470106019795534	-0.010398601540823116
exploratory_sensitivity	boolq	sentence	user	pearson_r2	mean_over_10_model_pairs_row_pooled	5	10	100	569	1000	0.95	42	linear_interpolation_block_outputs_only	19	0.95	0.584232054392575	0.04759131722972963	0.5382782942317068	0.5377762333116602	0.537382993928402	0.46043542861145953	0.6193802013323335	0.3926957537111049	0.3933256413441003	0.3941024950868317	0.33161036380644743	0.45630554779740307	0.14558254052060193	0.14445059196755988	0.1461651127434081	0.08849681629863437	0.2009025825342801	0.5313699808118876	0.5307779407681202	0.5301919452061802	0.45280932665598533	0.6123690489275029	0.3993259017942526	0.3999298104771845	0.40033117872284374	0.33851355503877956	0.46376757322889356	0.13204407901763499	0.13084813029093575	0.13159614152696889	0.0756612621283146	0.18801577670765998	-0.006908313419819234	-0.00699829254353991	-0.007112378795037844	-0.0162835438625925	0.0022094733674830527	0.006630148083147713	0.006604169133084199	0.006586150564875631	-0.0014955362968783912	0.014862431700102572	-0.013538461502966948	-0.013602461676624109	-0.013573742070850492	-0.021835686810143678	-0.005123013328478368
exploratory_sensitivity	boolq	sentence	user	pearson_r2	mean_over_10_model_pairs_row_pooled	5	10	100	569	1000	0.95	42	linear_interpolation_block_outputs_only	20	1.0	0.0	0.0	0.546610353840035	0.5459838559762648	0.5457599292750595	0.4745875731467323	0.6235881376998318	0.4134706828658919	0.41345693451744	0.4142833979935824	0.35440681769922044	0.47330582101881535	0.1331396709741431	0.13252692145882478	0.13313743633986835	0.07776917947622941	0.18664638522874946	0.546610353840035	0.5459838559762648	0.5457599292750595	0.4745875731467323	0.6235881376998318	0.4134706828658919	0.41345693451744	0.4142833979935824	0.35440681769922044	0.47330582101881535	0.1331396709741431	0.13252692145882478	0.13313743633986835	0.07776917947622941	0.18664638522874946	0.0	0.0	0.0	0.0	0.0	0.0	0.0	0.0	0.0	0.0	0.0	0.0	0.0	0.0	0.0
